{"add-an-image-to-pdf-with-alt-text-rollout":{"slug":"add-an-image-to-pdf-with-alt-text-rollout","branch":{"slug":"control","ratio":1,"feature":{"value":{},"enabled":false,"featureId":"this-is-included-for-desktop-pre-95-support"},"features":[{"value":{"boolean":true},"enabled":true,"featureId":"addAnImageInPDF"}]},"active":true,"experimentType":"rollout","source":"rs-loader","userFacingName":"Add an Image to PDF (with Alt Text) - Rollout","userFacingDescription":"One of the important features users need when managing their PDF files is adding an image. Users want an easy way to add an image to their PDF documents that they can easily resize and move around the document. This experiment measures the impact of launching this feature for Firefox users and if that impacts their usage in any way. Specifically, we are trying to understand the impact on Firefox Daily Active Users (DAU) as a result of launching this feature.","lastSeen":"2024-01-03T02:42:22.710Z","featureIds":["addAnImageInPDF"],"prefs":[{"name":"pdfjs.enableStampEditor","branch":"default","featureId":"addAnImageInPDF","variable":"boolean","originalValue":true}],"isRollout":true},"csv-import-release-rollout":{"slug":"csv-import-release-rollout","branch":{"slug":"enable-csv-import","ratio":1,"feature":{"value":{},"enabled":false,"featureId":"this-is-included-for-desktop-pre-95-support"},"features":[{"value":{"csvImport":true},"enabled":true,"featureId":"cm-csv-import"}]},"active":true,"experimentType":"rollout","source":"rs-loader","userFacingName":"CSV Import (Release Rollout)","userFacingDescription":"This rollout enables users to import logins from a CSV file from the about:logins page.","lastSeen":"2024-01-03T02:42:22.747Z","featureIds":["cm-csv-import"],"prefs":[{"name":"signon.management.page.fileImport.enabled","branch":"default","featureId":"cm-csv-import","variable":"csvImport","originalValue":false}],"isRollout":true},"ech-roll-out":{"slug":"ech-roll-out","branch":{"slug":"rollout","ratio":1,"feature":{"value":{},"enabled":false,"featureId":"this-is-included-for-desktop-pre-95-support"},"features":[{"value":{"h3Enabled":true,"tlsEnabled":true,"tlsGreaseProb":100,"h3GreaseEnabled":true,"forceWaitHttpsRR":true,"insecureFallback":false,"greasePaddingSize":100,"disableGreaseOnFallback":false},"enabled":true,"featureId":"echPrefs"}]},"active":true,"experimentType":"rollout","source":"rs-loader","userFacingName":"Encrypted Client Hello","userFacingDescription":"Encrypted Client Hello is a new TLS feature which provides greater privacy for HTTPS connections.","lastSeen":"2024-01-03T02:42:22.768Z","featureIds":["echPrefs"],"prefs":[{"name":"network.dns.http3_echconfig.enabled","branch":"default","featureId":"echPrefs","variable":"h3Enabled","originalValue":true},{"name":"network.dns.echconfig.enabled","branch":"default","featureId":"echPrefs","variable":"tlsEnabled","originalValue":true},{"name":"security.tls.ech.grease_probability","branch":"default","featureId":"echPrefs","variable":"tlsGreaseProb","originalValue":100},{"name":"security.tls.ech.grease_http3","branch":"default","featureId":"echPrefs","variable":"h3GreaseEnabled","originalValue":true},{"name":"network.dns.force_waiting_https_rr","branch":"default","featureId":"echPrefs","variable":"forceWaitHttpsRR","originalValue":true},{"name":"network.dns.echconfig.fallback_to_origin_when_all_failed","branch":"default","featureId":"echPrefs","variable":"insecureFallback","originalValue":false},{"name":"security.tls.ech.grease_size","branch":"default","featureId":"echPrefs","variable":"greasePaddingSize","originalValue":100},{"name":"security.tls.ech.disable_grease_on_fallback","branch":"default","featureId":"echPrefs","variable":"disableGreaseOnFallback","originalValue":false}],"isRollout":true},"mozillaaccounts-toolbar-button-default-visibility-existing-user":{"slug":"mozillaaccounts-toolbar-button-default-visibility-existing-user","branch":{"slug":"treatment-a","ratio":1,"feature":{"value":{},"enabled":false,"featureId":"this-is-included-for-desktop-pre-95-support"},"features":[{"value":{"boolean":true},"enabled":true,"featureId":"fxaButtonVisibility"}]},"active":true,"experimentType":"rollout","source":"rs-loader","userFacingName":"MozillaAccounts toolbar button default visibility rollout","userFacingDescription":"This experiment measures the impact of showing the Firefox Accounts toolbar button by default for signed-out users.","lastSeen":"2024-01-03T02:42:22.781Z","featureIds":["fxaButtonVisibility"],"prefs":[{"name":"identity.fxaccounts.toolbar.defaultVisible","branch":"user","featureId":"fxaButtonVisibility","variable":"boolean","originalValue":null}],"isRollout":true},"rollout-of-share-of-voice-for-sponsored-topsites-rest-of-world":{"slug":"rollout-of-share-of-voice-for-sponsored-topsites-rest-of-world","branch":{"slug":"control","ratio":1,"feature":{"value":{},"enabled":false,"featureId":"this-is-included-for-desktop-pre-95-support"},"features":[{"value":{"topSitesContileSovEnabled":true},"enabled":true,"featureId":"pocketNewtab"}]},"active":true,"experimentType":"rollout","source":"rs-loader","userFacingName":"Rollout of Share-of-Voice for Sponsored TopSites Rest of World","userFacingDescription":"Rollout of the Share-of-Voice feature to dynamically manage ad inventory on the NewTab page.","lastSeen":"2024-01-03T02:42:22.897Z","featureIds":["pocketNewtab"],"prefs":[],"isRollout":true},"serp-ad-telemetry-rollout":{"slug":"serp-ad-telemetry-rollout","branch":{"slug":"control","ratio":1,"feature":{"value":{},"enabled":false,"featureId":"this-is-included-for-desktop-pre-95-support"},"features":[{"value":{"serpEventTelemetryEnabled":true},"enabled":true,"featureId":"search"}]},"active":true,"experimentType":"rollout","source":"rs-loader","userFacingName":"SERP Ad Telemetry Rollout","userFacingDescription":"Telemetry improvements.","lastSeen":"2024-01-03T02:42:22.905Z","featureIds":["search"],"prefs":[{"name":"browser.search.serpEventTelemetry.enabled","branch":"default","featureId":"search","variable":"serpEventTelemetryEnabled","originalValue":true}],"isRollout":true},"upgrade-spotlight-rollout":{"slug":"upgrade-spotlight-rollout","branch":{"slug":"treatment","ratio":1,"feature":{"value":{},"enabled":false,"featureId":"this-is-included-for-desktop-pre-95-support"},"features":[{"value":{"enabled":false},"enabled":true,"featureId":"upgradeDialog"}]},"active":true,"experimentType":"rollout","source":"rs-loader","userFacingName":"Upgrade Spotlight Rollout","userFacingDescription":"Experimenting on onboarding content when you upgrade Firefox.","lastSeen":"2024-01-03T02:42:22.927Z","featureIds":["upgradeDialog"],"prefs":[],"isRollout":true}}