{"environment":{"locale":"en-US","localeLanguageCode":"en","browserSettings":{"update":{"channel":"release","enabled":true,"autoDownload":true,"background":true}},"attributionData":{},"currentDate":"2024-01-03T02:42:24.669Z","profileAgeCreated":1704249533435,"usesFirefoxSync":false,"isFxAEnabled":true,"isFxASignedIn":false,"sync":{"desktopDevices":0,"mobileDevices":0,"totalDevices":0},"xpinstallEnabled":true,"addonsInfo":{"addons":{"formautofill@mozilla.org":{"version":"1.0.1","type":"extension","isSystem":true,"isWebExtension":true,"name":"Form Autofill","userDisabled":false,"installDate":"2023-12-21T21:59:12.521Z"},"pictureinpicture@mozilla.org":{"version":"1.0.0","type":"extension","isSystem":true,"isWebExtension":true,"name":"Picture-In-Picture","userDisabled":false,"installDate":"2023-12-21T21:59:12.505Z"},"screenshots@mozilla.org":{"version":"39.0.1","type":"extension","isSystem":true,"isWebExtension":true,"name":"Firefox Screenshots","userDisabled":false,"installDate":"2023-11-24T00:22:38.277Z"},"webcompat@mozilla.org":{"version":"121.0.0","type":"extension","isSystem":true,"isWebExtension":true,"name":"Web Compatibility Interventions","userDisabled":false,"installDate":"2023-12-21T21:59:12.490Z"},"addons-search-detection@mozilla.com":{"version":"2.0.0","type":"extension","isSystem":false,"isWebExtension":true,"name":"Add-ons Search Detection","userDisabled":false,"installDate":"2024-01-03T02:42:22.068Z"},"google@search.mozilla.org":{"version":"1.4","type":"extension","isSystem":false,"isWebExtension":true,"name":"Google","userDisabled":false,"installDate":"2024-01-03T02:42:22.280Z"},"wikipedia@search.mozilla.org":{"version":"1.3","type":"extension","isSystem":false,"isWebExtension":true,"name":"Wikipedia (en)","userDisabled":false,"installDate":"2024-01-03T02:42:22.389Z"},"bing@search.mozilla.org":{"version":"1.6","type":"extension","isSystem":false,"isWebExtension":true,"name":"Bing","userDisabled":false,"installDate":"2024-01-03T02:42:22.446Z"},"amazon@search.mozilla.org":{"version":"1.13","type":"extension","isSystem":false,"isWebExtension":true,"name":"Amazon.co.uk","userDisabled":false,"installDate":"2024-01-03T02:42:22.483Z"},"ddg@search.mozilla.org":{"version":"1.4","type":"extension","isSystem":false,"isWebExtension":true,"name":"DuckDuckGo","userDisabled":false,"installDate":"2024-01-03T02:42:22.506Z"},"ebay@search.mozilla.org":{"version":"1.4","type":"extension","isSystem":false,"isWebExtension":true,"name":"eBay","userDisabled":false,"installDate":"2024-01-03T02:42:22.532Z"}},"isFullData":true},"searchEngines":{"current":"google-b-d","installed":["google-b-d","amazon-au","bing","ddg","ebay-au","wikipedia"]},"isDefaultBrowser":true,"devToolsOpenedCount":0,"topFrecentSites":[],"recentBookmarks":[],"pinnedSites":[],"providerCohorts":{"onboarding":"","cfr":"","message-groups":"","messaging-experiments":"","snippets":"","whats-new-panel":""},"totalBookmarksCount":5,"firefoxVersion":121,"region":"AU","needsUpdate":false,"hasPinnedTabs":false,"hasAccessedFxAPanel":false,"isWhatsNewPanelEnabled":true,"userPrefs":{"cfrFeatures":true,"cfrAddons":true,"snippets":false},"totalBlockedCount":0,"blockedCountByType":{"trackerCount":0,"cookieCount":0,"cryptominerCount":0,"fingerprinterCount":0,"socialCount":0},"attachedFxAOAuthClients":[],"platformName":"win","isChinaRepack":false,"userId":"419e2ee7-c5f3-4868-878d-41ecbad3a829","profileRestartCount":0,"homePageSettings":{"isWebExt":false,"isCustomUrl":false,"urls":[{"url":"about:home","host":""}],"isDefault":true,"isLocked":false},"newtabSettings":{"isWebExt":false,"isCustomUrl":false,"isDefault":true,"url":"about:newtab","host":""},"activeNotifications":false,"isMajorUpgrade":false,"hasActiveEnterprisePolicies":false,"userMonthlyActivity":[[1,"2024-01-03"]],"doesAppNeedPin":false,"doesAppNeedPrivatePin":true,"isBackgroundTaskMode":false,"backgroundTaskName":null,"userPrefersReducedMotion":false,"inMr2022Holdback":false,"distributionId":"","fxViewButtonAreaType":"toolbar","isDefaultHandler":{"html":true,"pdf":false},"defaultPDFHandler":{"registered":true,"knownBrowser":false},"creditCardsSaved":0,"addressesSaved":0,"hasMigratedBookmarks":false,"hasMigratedCSVPasswords":false,"hasMigratedHistory":false,"hasMigratedPasswords":false,"useEmbeddedMigrationWizard":true,"isRTAMO":false,"isDeviceMigration":false,"primaryResolution":{"width":1280,"height":680}},"version":1}